{"cameraMode":{"drawMode":0,"name":"Shaded","section":"Shading Mode"},"sceneLighting":true,"audioPlay":false,"sceneViewState":{"m_AlwaysRefresh":false,"showFog":true,"showSkybox":true,"showFlares":true,"showImageEffects":true,"showParticleSystems":true,"showVisualEffectGraphs":true,"m_FxEnabled":true},"in2DMode":false,"pivot":{"x":8.259483337402344,"y":-12.229110717773438,"z":-9.702995300292969},"rotation":{"x":0.07804612070322037,"y":-0.9079257249832153,"z":0.36243632435798647,"w":0.19551847875118257},"size":24.117137908935548,"orthographic":false}